puttalam,tauu,rlus,sfcWind,rsuscs,rsus,rsdscs,prw,hurs
63.3,0.152785362,0.142044615,0.477827787,0.45499543,0.497287185,0.322817166,0.440014821,0.638365307
65.8,0.160138466,0.264588242,0.36729629,0.726774359,0.744862652,0.662824554,0.319733541,0.468712562
101.1,0.244791421,0.59177248,0.126315913,0.988048427,0.980332188,0.980187883,0.177955384,0.008800045
247.1,0.492493546,0.779492146,0.319730989,0.85748501,0.641254726,0.986356578,0.480825144,0.305398829
93.7,0.659536165,0.82161303,0.617099092,0.633128757,0.734383414,0.829790512,0.406789701,0.416917269
0.4,0.924645826,0.562653715,0.949859067,0.427880071,0.467482855,0.67663213,0.770612335,0.656981945
9.3,0.722931464,0.682868989,0.659844738,0.442205301,0.673313685,0.692578052,0.70962026,0.4378194
0.2,0.770393425,0.544415371,0.67419025,0.740487356,0.495325935,0.825255013,0.785394407,0.586741147
20.8,0.622442438,0.596596731,0.53832732,0.997996333,0.553185467,0.838281485,0.772299375,0.577545787
137.8,0.466701996,0.545667896,0.2042907,0.846464073,0.353441652,0.628225197,0.840955144,0.773000825
270,0.153143351,0.419499877,0.411626825,0.538533155,0.188835858,0.315189374,0.747792623,0.867824329
149.4,0.088656606,0.232269658,0.658343455,0.348853139,0.325837058,0.154260764,0.586458799,0.784959063
98,0.130169758,0.189182856,0.511060296,0.534212765,0.669727246,0.359745831,0.261957753,0.544178627
17.4,0.15678528,0.440105506,0.337982756,0.701644712,0.744970091,0.647153783,0.344333599,0.341311297
65.8,0.230488948,0.782857595,0.121293863,0.880239729,0.817964877,0.918742931,0.365554476,0.128740291
147.6,0.377607772,0.859271836,0.045063764,0.853127302,0.64741369,0.984800201,0.454467534,0.191127086
115.4,0.698233255,0.745552947,0.73875443,0.494154186,0.383371803,0.749609934,0.813385711,0.60145396
59.8,0.803367006,0.686313247,0.781180872,0.409417851,0.350953604,0.665135743,0.877809452,0.583986404
0.5,0.670001931,0.689087352,0.560242025,0.422993298,0.69263253,0.68142895,0.739940696,0.523708207
19.9,0.738534768,0.522111846,0.651323936,0.710072292,0.33670539,0.807138621,0.900811665,0.879278447
38.6,0.668672854,0.377839056,0.547374854,1,0.647268129,0.839704458,0.749238162,0.862662193
162.1,0.56658683,0.453683705,0.340577601,0.907992407,0.573400729,0.662231039,0.675576932,0.748883428
141.1,0.225473358,0.399510019,0.263063793,0.693753839,0.568741761,0.395951293,0.399779406,0.293018583
175.1,0.078523176,0.321883134,0.615566213,0.453587051,0.542452064,0.207882391,0.339311526,0.24260956
12.3,0.176542932,0.290477038,0.471298622,0.50546984,0.610799623,0.346584926,0.321402644,0.215366086
0,0.153897636,0.26441689,0.443681809,0.758984982,0.710433305,0.678002976,0.305407643,0.248881754
30.8,0.319138139,0.53171665,0.090101174,0.866099176,0.657306193,0.91277074,0.435998314,0.331500171
151.6,0.541536852,0.639529544,0.421130666,0.816046461,0.675031994,0.962813042,0.55175007,0.56123782
286.7,0.682758922,0.737702521,0.668857251,0.611390899,0.742917813,0.815500305,0.460016269,0.52195035
0.9,0.82421219,0.488324348,0.833803617,0.410343519,0.233361973,0.665663757,0.871599261,0.74966643
8.3,0.757257683,0.493384639,0.690877884,0.407157545,0.551074717,0.67363586,0.790046558,0.607425707
1.4,0.727039897,0.532385848,0.674633856,0.738827825,0.548058816,0.824839483,0.800773192,0.689294425
73.8,0.74840214,0.515928593,0.653221251,0.987021887,0.791053419,0.832594964,0.736559756,0.675699762
613.8,0.497930323,0.38692617,0.259365903,0.863720807,0.335383315,0.635173851,0.755523413,0.748292617
273.3,0.234014835,0.365621769,0.231075054,0.581762424,0.278229466,0.335755616,0.63988732,0.69971403
177.1,0.119476996,0.13814106,0.691474442,0.425062047,0.333204429,0.192897559,0.401425741,0.613447197
0,0.112880916,0.098097987,0.560701568,0.540168872,0.681160496,0.366755701,0.248171752,0.404317163
34.2,0.176936398,0.30672592,0.339010959,0.75373752,0.76225137,0.678624612,0.253117581,0.31263965
56.2,0.282892015,0.564455797,0.068709414,0.933927116,0.779459789,0.948471852,0.298465009,0.1573619
128.3,0.519565932,0.737768355,0.378151166,0.880337925,0.722897365,1,0.388926701,0.386928034
76.4,0.793225598,0.738715573,0.798477085,0.585334943,0.731121761,0.801257881,0.530468741,0.437171559
126.4,0.901011964,0.50197105,0.912689818,0.459445731,0.504798453,0.693280279,0.698983103,0.652791273
15.1,0.703768238,0.543978016,0.684224591,0.43883465,0.541364018,0.69065793,0.692709132,0.582055337
5.2,0.587485416,0.699666278,0.492118859,0.786127597,0.708781467,0.851244627,0.660456455,0.434129037
1.2,0.745168312,0.496576636,0.777053718,0.915586913,0.156760094,0.793946853,0.965073668,0.86375382
322.1,0.617902002,0.385974563,0.483313718,0.896275309,0.621144147,0.65420235,0.62702536,0.664645535
90.6,0.167275388,0.341611382,0.38325463,0.540597833,0.238201832,0.315181714,0.707516902,0.760874461
410.2,0.221278197,0.303508543,0.322416731,0.2460666,0.018183263,0.103435416,0.828874376,0.998449758
0,0.1393514,0.193370729,0.483297054,0.500862501,0.644844352,0.345990097,0.302717119,0.56010467
34.9,0.104778936,0.420348063,0.476492688,0.66051769,0.781237232,0.625642627,0.41886145,0.445443756
21.6,0.289204624,0.69376639,0.04964751,0.869455051,0.73530759,0.913716912,0.363870803,0.175038554
280.6,0.464735309,0.856721941,0.339164993,0.779664585,0.632997668,0.943475899,0.636987146,0.443744963
85.4,0.664670572,0.805295265,0.57945633,0.557102614,0.607795087,0.785424786,0.592515526,0.491328442
11,1,0.619964634,1,0.419275328,0.533942328,0.670296194,0.814864604,0.642319891
18.8,0.761535368,0.676337684,0.701884197,0.390030723,0.647017545,0.663433159,0.816852068,0.538720662
47.5,0.775363498,0.506658484,0.728459674,0.689596849,0.277961432,0.796010781,0.951905707,0.841234713
33,0.684289235,0.440583313,0.591601202,0.961359864,0.746021949,0.819313001,0.811077598,0.792828235
2.9,0.638877232,0.48185277,0.465401941,0.821472361,0.510452043,0.616761731,0.808335204,0.789668686
107.6,0.161291451,0.308014512,0.491852532,0.54638493,0.219107099,0.320030605,0.607737687,0.735725348
84.1,0.182065753,0.115482614,0.448897311,0.432494033,0.57205886,0.199812149,0.288436076,0.339798298
47.8,0.130139792,0.114626988,0.548287153,0.494145271,0.73979093,0.34390159,0.21297641,0.253324359
61.9,0.17356783,0.266371433,0.3164958,0.74242747,0.786139715,0.67416719,0.205245735,0.108185681
129.6,0.260970507,0.56255468,0.06177487,0.83201594,0.736851684,0.895364578,0.343737966,0.243215369
246.4,0.413471572,0.740065035,0.167520779,0.803149092,0.583885892,0.960908695,0.468425771,0.321912716
60.6,0.845270648,0.749872485,0.856073943,0.553958292,0.746630126,0.787986436,0.485147113,0.429594065
8.9,0.775772036,0.51292894,0.775774859,0.367620139,0.249069591,0.644041486,0.861892878,0.78039528
68.1,0.652862924,0.569508265,0.571654031,0.37767121,0.565008759,0.65876197,0.736018678,0.565928883
1.7,0.820576187,0.413213585,0.795311536,0.683071176,0.309441583,0.794843869,0.876401277,0.791894479
50.8,0.702966349,0.388558043,0.624885691,0.962754867,0.581616893,0.823047506,0.728758787,0.79354802
70.3,0.386568597,0.525485884,0.087889112,0.815095953,0.517417418,0.615970568,0.777983931,0.642423359
228.8,0.266188938,0.354398641,0.378912589,0.57546957,0.376554979,0.337076564,0.555748075,0.568029515
98.8,0.076352127,0.23298408,0.559335058,0.343560078,0.413024004,0.154326724,0.506273283,0.691870621
46.9,0.213719309,0.294681704,0.258693558,0.41646278,0.56444989,0.302799742,0.431603572,0.459728545
0,0.093058743,0.355240146,0.495058484,0.676368977,0.670129135,0.636753548,0.366178582,0.432074588
74.4,0.343917575,0.616493472,0.175372403,0.918439451,0.869067989,0.943256302,0.259938604,0.138484642
44.3,0.480099953,0.80653348,0.298679042,0.842269514,0.741137936,0.980504531,0.426804511,0.253082721
33.1,0.630222038,0.785439359,0.578839665,0.515408067,0.464721028,0.761556029,0.644544429,0.466331523
8.1,0.811311306,0.634541379,0.819091545,0.404283612,0.449076249,0.66265777,0.812490372,0.635956474
5.3,0.672509805,0.522515616,0.60941921,0.362407828,0.329971162,0.650774205,0.816870724,0.696240942
3,0.777925479,0.581275031,0.740937717,0.713876738,0.512107425,0.811355872,0.828006534,0.605018315
3.9,0.650581998,0.545207834,0.603506277,0.925954095,0.501796227,0.799408176,0.864466725,0.69758696
331.9,0.473684918,0.460532149,0.383245481,0.820117733,0.41020077,0.613659836,0.747236641,0.721360226
239,0.213704635,0.337294516,0.339099495,0.468866102,0.074278166,0.279152467,0.826455509,0.984154461
103.5,0.120460602,0.232512761,0.558747059,0.308245501,0.191727835,0.135505133,0.6444355,0.925930034
35.9,0.097256359,0.141095868,0.620923707,0.506617761,0.623636472,0.350038793,0.31567182,0.449970593
28.2,0.226428422,0.283485482,0.33138225,0.67431946,0.710397098,0.634775013,0.393691919,0.419237506
181,0.288372646,0.6568533,0.065732693,0.830905338,0.708305392,0.89340216,0.424887033,0.289841959
183.2,0.430302011,0.820085155,0.17762589,0.834770282,0.669310107,0.976215034,0.434789446,0.224346078
280.5,0.827144173,0.775076819,0.853122514,0.515509068,0.701212927,0.76351639,0.610784515,0.384482212
12,0.770922546,0.683427321,0.763418288,0.429601884,0.500957511,0.677343159,0.759256944,0.553679476
15,0.744312902,0.589424086,0.72286378,0.354741494,0.377128989,0.645427195,0.854687182,0.656460536
14.8,0.639686303,0.543082128,0.556691696,0.71486214,0.552712004,0.811796779,0.824053653,0.729758855
27.6,0.737161241,0.457424112,0.683091876,0.89417561,0.29371263,0.783318334,0.949845212,0.823559373
424.6,0.49145516,0.459153301,0.268277475,0.782384413,0.403596641,0.595988697,0.867553948,0.791457388
186.9,0.310257206,0.273660855,0.345861757,0.508133246,0.226406352,0.29961177,0.727061956,0.792831794
85.5,0.221221426,0.131891593,0.379289567,0.418085634,0.460753783,0.1904708,0.385146544,0.571474047
0.4,0.169077194,0,0.518110399,0.471296304,0.397078133,0.331030013,0.421395684,0.688253812
0.4,0.232525448,0.140702595,0.22648456,0.75627891,0.712602633,0.678595348,0.274697781,0.413409733
176.3,0.281923755,0.462467611,0.206871142,0.789979041,0.579168649,0.868709545,0.537650191,0.561354592
170.8,0.493488349,0.662186079,0.322393937,0.851535015,0.749545585,0.985955338,0.385266292,0.485657694
178.2,0.783606177,0.639367922,0.786784183,0.525961074,0.447859787,0.769501384,0.607302147,0.645796115
3.6,0.72642695,0.483968555,0.701811125,0.414452874,0.455689506,0.668848644,0.772849112,0.742240112
4.4,0.777870656,0.495253317,0.764689316,0.363081573,0.43220264,0.649885646,0.823108103,0.670069181
10.4,0.627674459,0.604859131,0.531763862,0.719878059,0.659045174,0.814864152,0.792205319,0.565497893
8,0.743112503,0.440075168,0.701022128,0.907775764,0.268955986,0.791232594,0.898866703,0.835629977
228.8,0.457521685,0.461525735,0.15939786,0.825759507,0.468788483,0.619889118,0.750093772,0.717895441
547.1,0.150164273,0.356437718,0.490016799,0.524415909,0.339740226,0.309185747,0.63958764,0.765831017
170.7,0.100217179,0.205428301,0.579015183,0.488268257,0.7059558,0.224352211,0.256297904,0.30963882
1.6,0.183266538,0.227804717,0.346326573,0.457626736,0.450073966,0.323633364,0.410769024,0.508250101
53.6,0.125632396,0.353418411,0.483651701,0.670877104,0.665047247,0.631189001,0.381888024,0.438492748
0,0.248324457,0.519858292,0.25963227,0.822050202,0.631963636,0.887443802,0.446849567,0.351142846
48.6,0.365251653,0.808400439,0.042511683,0.854443211,0.800652832,0.987985202,0.419561182,0.195355891
0.1,0.757034048,0.816611701,0.795211667,0.527985244,0.636756622,0.772378995,0.583196707,0.464123356
5.2,0.87575,0.630545852,0.933386242,0.366959129,0.386576003,0.643344174,0.898135698,0.680534631
10.4,0.751253771,0.550782761,0.694026651,0.406428649,0.541798195,0.675053233,0.68660245,0.568281957
22.1,0.619152929,0.751681627,0.534104056,0.746980684,0.673207803,0.829159844,0.698231155,0.425233192
159.1,0.69289116,0.435555843,0.697188896,0.872429477,0.022441434,0.773684798,0.992846443,0.943450384
187.8,0.385788132,0.409319759,0.08006977,0.861947032,0.528586052,0.640664897,0.611577758,0.744255495
352.5,0.29671671,0.384060473,0.144344032,0.512537061,0.276480605,0.305929358,0.646120998,0.738245107
220.6,0.115506318,0.28706789,0.520306692,0.336926785,0.357226092,0.150596334,0.526419881,0.739015991
0,0.045147549,0.227650538,0.678166183,0.419009523,0.487232871,0.301810988,0.43153523,0.555048798
0,0.191436958,0.347923436,0.346152265,0.775268665,0.898318336,0.689087377,0.169806952,0.266742676
1.5,0.22186783,0.634967094,0.208258252,0.858521743,0.762569106,0.910210577,0.381246329,0.214761081
174.9,0.444713978,0.731492554,0.258696549,0.738374286,0.496597735,0.920641448,0.707055408,0.480022875
16.9,0.654758174,0.656243065,0.661697883,0.46474032,0.445548835,0.734152244,0.705205783,0.723136386
83.9,0.685845648,0.658938554,0.720143352,0.396546465,0.461793524,0.659517009,0.792480869,0.702733504
5.5,0.708983627,0.534362718,0.636050405,0.357325935,0.417173698,0.647631728,0.847150148,0.683458178
0.5,0.631658608,0.613950827,0.549743891,0.699161651,0.436117911,0.804844008,0.818154783,0.69149378
196.7,0.87673653,0.308170027,0.820812436,0.911825256,0.416383162,0.792919974,0.87684319,0.952128912
194.1,0.493130597,0.425094841,0.29072448,0.801734222,0.492992611,0.606185911,0.742702106,0.759883421
292.3,0.307916786,0.261787805,0.321763096,0.5178896,0.388376767,0.306268983,0.562822511,0.673480409
56.5,0.082527604,0.209725897,0.653448731,0.302519922,0.190125771,0.132854662,0.61515613,0.86238238
16.9,0.173351111,0.122624155,0.455872011,0.379897375,0.323094865,0.285766984,0.561111714,0.773597398
34.1,0.270414992,0.180320143,0.116353818,0.921397317,1,0.769481378,0,0.038361468
60.8,0.238331575,0.394662107,0.187266795,0.834598981,0.666704633,0.895810286,0.420678555,0.427689946
124.5,0.644778454,0.601281492,0.59545582,0.798254932,0.690454647,0.95512135,0.517088264,0.609244916
123.1,0.685514535,0.593307988,0.697554079,0.498206612,0.514702536,0.754545759,0.612251973,0.682233339
59.1,0.86259639,0.531433285,0.839371573,0.407430611,0.474160025,0.666286879,0.75313898,0.669791486
2.5,0.709009377,0.602563405,0.644603631,0.390773503,0.6272528,0.666517449,0.735592311,0.519984455
23.9,0.749126628,0.51347029,0.713910705,0.681772206,0.418354418,0.794482754,0.859361586,0.690392068
87.6,0.670586074,0.533568916,0.597088825,0.973633793,0.743228765,0.827445372,0.700121459,0.634146671
126.9,0.540552433,0.50332681,0.332834001,0.780046675,0.362504639,0.595425816,0.77494746,0.704144178
360,0.219245976,0.34099504,0.283735722,0.585396712,0.5850909,0.341953118,0.419987201,0.390364219
32.6,0.02517921,0.29337613,0.693406346,0.343321404,0.359991391,0.153609579,0.49329868,0.521207091
0,0.130359173,0.167868913,0.534134414,0.417109527,0.482267675,0.304734839,0.447527764,0.69352467
0,0.172313168,0.314130406,0.317128275,0.665943969,0.661472799,0.630270606,0.416997396,0.59312897
24.9,0.325231475,0.697195955,0.113724326,0.909601254,0.894386009,0.938676221,0.244933006,0.098215624
88.3,0.453307829,0.911446136,0.196466867,0.839757542,0.746487697,0.979873063,0.416750061,0.178393641
100.8,0.695603773,0.755796608,0.673949883,0.446453349,0.480227031,0.727220164,0.685572047,0.51107001
120.6,0.734136428,0.681297032,0.73130362,0.336378742,0.519941099,0.631979249,0.7096254,0.591791426
9.8,0.713859053,0.543217609,0.644351322,0.227422124,0.331313659,0.580667725,0.899405237,0.776216302
3.3,0.72813331,0.567265777,0.673673866,0.523325431,0.611302885,0.717742667,0.828048883,0.652360198
20.1,0.747095379,0.420867088,0.666340417,0.732342398,0.649186712,0.711807513,0.749163203,0.749853875
289.9,0.406687908,0.437706166,0.057424871,0.570826184,0.353413732,0.49942449,0.778016849,0.696517789
238.5,0.278944363,0.272981546,0.408812647,0.286436066,0.208653239,0.203067738,0.638931671,0.729892237
67.1,0.04210101,0.081881927,0.718307048,0.235805767,0.553967876,0.111090757,0.279108969,0.55169282
0,0.075290363,0.176912521,0.55928536,0.276128362,0.638456711,0.241066835,0.375844787,0.494058781
0,0.147597917,0.361587885,0.389613924,0.569246509,0.693970731,0.585470946,0.365012178,0.247690684
0,0.312756955,0.606416013,0.04068957,0.775162574,0.813354143,0.870314735,0.274290186,0.186762655
50.2,0.354255558,0.766951614,0.075285327,0.722803959,0.555816677,0.91990847,0.472109988,0.31796292
35.1,0.738630172,0.62322895,0.760707736,0.412122775,0.510594562,0.71183209,0.623205744,0.575824708
37.6,0.786445894,0.554575643,0.818183102,0.307305058,0.364665644,0.614672425,0.815588851,0.707527273
7,0.675903738,0.581669642,0.612658048,0.344720098,0.575333416,0.643656479,0.669305428,0.545890385
1.3,0.850675061,0.610738412,0.796891281,0.648954061,0.747247091,0.781109798,0.77314779,0.485080696
82.9,0.731903945,0.509063359,0.648141151,0.921510541,0.711621291,0.803905609,0.723096715,0.606688719
101.8,0.428590875,0.508413815,0.172389641,0.731853575,0.445566482,0.577019869,0.769009325,0.684619038
286.8,0.330222952,0.357400202,0.226288225,0.388524532,0.143348715,0.247062288,0.756924444,0.841213019
251.5,0.222538342,0.213879423,0.469740263,0.25801601,0.2626828,0.114563371,0.55596609,0.804726392
279.7,0.113526839,0.143220052,0.606891948,0.429395684,0.613202908,0.310418274,0.327057482,0.48102544
226.2,0.191942846,0.241080661,0.2837679,0.73602432,0.782047454,0.670375985,0.197004202,0.381047764
257.4,0.289610783,0.680231508,0.143258305,0.797809037,0.789261801,0.87927645,0.39222288,0.252945908
652.6,0.389186034,0.804823946,0.143887681,0.798757761,0.626016866,0.956669611,0.415159912,0.231810105
33.2,0.875496772,0.771063162,0.914588884,0.476382529,0.744199637,0.744583687,0.549775043,0.415845513
0.1,0.819223145,0.658498911,0.832845201,0.387996745,0.404140136,0.658076318,0.707165982,0.63907611
77.1,0.72440427,0.486096745,0.649830052,0.415351415,0.641323238,0.683300032,0.571337268,0.592224111
0,0.751047124,0.662717505,0.659995309,0.691758446,0.767562991,0.803248992,0.724743899,0.490635011
62.7,0.658499179,0.603554893,0.541421254,0.964538193,0.79726876,0.823403821,0.648269043,0.457861458
78.7,0.415040354,0.585701427,0.060567795,0.767433194,0.399028878,0.589287415,0.765741657,0.604117269
438.4,0.260912364,0.336891318,0.204755477,0.5573078,0.524718908,0.328993463,0.370389616,0.363351747
62.8,0.087289135,0.33560826,0.542211845,0.444205528,0.742646647,0.206695303,0.172711391,0.045750373
73.2,0.101206072,0.260786394,0.504171476,0.47650072,0.638257099,0.337482664,0.30716828,0.215154743
219.5,0.111188847,0.323364642,0.436889327,0.755063617,0.753035038,0.679705331,0.268252102,0.186293277
60.5,0.315783459,0.711840251,0,0.910505271,0.89293133,0.940559076,0.159743084,0
116.1,0.434967497,0.849065384,0.231239279,0.726369218,0.508861379,0.915592567,0.619290818,0.420493784
220.9,0.682564431,0.818309597,0.662607604,0.522683523,0.554802905,0.77036948,0.452743131,0.555663167
15.5,0.861370491,0.602355415,0.886964861,0.336668875,0.461832863,0.627559549,0.841763138,0.642455646
0.5,0.765704354,0.590592463,0.709921117,0.330706524,0.543218206,0.632538814,0.846560708,0.622332746
0,0.713835853,0.642503816,0.644006856,0.705277728,0.759860077,0.809467414,0.701410245,0.501685933
107.9,0.762722493,0.575576265,0.663288961,0.910507055,0.705149961,0.793881008,0.776026404,0.616543021
192.6,0.39597175,0.598083963,0.045289709,0.819401316,0.631732095,0.619682668,0.561849696,0.379971136
435.7,0.294437828,0.473410237,0.119424043,0.469399241,0.3930546,0.284419401,0.569175911,0.401266252
94.6,0.132530215,0.37456062,0.469521696,0.251526379,0.280354908,0.110117265,0.613870684,0.634477667
69.5,0.189576269,0.238870993,0.374804009,0.332767761,0.299501114,0.262824509,0.57410063,0.782135341
51.7,0.077199122,0.284113845,0.568777268,0.541771603,0.44948451,0.564124515,0.639679507,0.829208851
23.1,0.32208208,0.594481517,0.057457556,0.834151682,0.857775753,0.897411817,0.327610676,0.19591433
144.9,0.454862683,0.785130806,0.267138041,0.694322,0.471190729,0.898506598,0.673789237,0.43871587
136.4,0.607736895,0.754393527,0.555526537,0.498792989,0.647761834,0.757032875,0.520685215,0.583975387
10.8,0.830068446,0.574964885,0.834902078,0.316895714,0.287650475,0.617069807,0.889545185,0.743491051
0,0.751764813,0.520748645,0.727086238,0.341206036,0.441258736,0.638206701,0.808238634,0.71346487
8,0.651358784,0.545511426,0.57073825,0.659074038,0.508915913,0.782923952,0.826330235,0.739628495
17.3,0.749318312,0.409681551,0.662833726,0.885176555,0.441079724,0.781216223,0.827679384,0.903016037
145.4,0.454113345,0.53146229,0.254993435,0.773372495,0.587365626,0.596348784,0.708293802,0.637536545
145.1,0.391763719,0.264756352,0.551165333,0.444085173,0.275876061,0.27391594,0.61530985,0.766946541
62.6,0.14426055,0.1673663,0.551598217,0.376473363,0.598202583,0.172536967,0.295114647,0.496333216
31.5,0.211382214,0.145314847,0.303001743,0.499727829,0.586798935,0.347385292,0.240351394,0.28403304
0,0.142408303,0.426313021,0.371404467,0.687828678,0.800971372,0.641207885,0.288183512,0.274432536
19.3,0.383087144,0.653207156,0.164849459,0.746010309,0.641762606,0.847388034,0.528632118,0.407138767
241,0.501650618,0.82400054,0.367177897,0.791537065,0.731332863,0.954718737,0.416251191,0.255000271
41.8,0.768890701,0.77904487,0.788946222,0.483836803,0.651815399,0.748470458,0.557756997,0.513124119
3.8,0.958504556,0.571664504,0.987282908,0.339867712,0.450992344,0.63090173,0.76827891,0.677347457
9.9,0.740191612,0.553136117,0.711098081,0.324380426,0.414507211,0.628485716,0.852359643,0.672134561
36.7,0.759678694,0.508982262,0.72661792,0.651163677,0.518024413,0.778671836,0.844382288,0.676799779
283.7,0.730462844,0.494732194,0.730830836,0.877241104,0.34262832,0.777070076,0.8599519,0.780991598
335.7,0.551988307,0.447316695,0.424849401,0.815665135,0.619319866,0.619432779,0.584433457,0.635918002
156,0.188796696,0.399120942,0.368774474,0.398162951,0.236415816,0.251908091,0.67438397,0.774219139
52.5,0.118012799,0.256064804,0.519345138,0.244397768,0.262437514,0.107487826,0.589402658,0.818757807
15.8,0.111222925,0.173778915,0.523767963,0.45111851,0.653130029,0.320527753,0.267752011,0.487028032
56.9,0.124435881,0.373203524,0.418311087,0.61317054,0.668687987,0.602515763,0.448887487,0.543621628
52.5,0.30508935,0.662492532,0.05562708,0.819550966,0.808063282,0.891950723,0.324205208,0.23653337
408.5,0.488027684,0.871419475,0.309556456,0.760438827,0.704078166,0.935568953,0.470902392,0.303683682
7.5,0.68899614,0.799767661,0.627556243,0.500049801,0.677119638,0.756773498,0.494438616,0.387524607
118.1,0.817935403,0.694400858,0.835786419,0.318350194,0.413168938,0.618620811,0.816076016,0.626075055
13.3,0.681135162,0.71148056,0.621894125,0.398082202,0.716695895,0.671806961,0.621722765,0.447256609
44.7,0.789013198,0.666146879,0.749708191,0.657240016,0.62150897,0.783141604,0.8113523,0.540338273
141.6,0.756687423,0.53550457,0.705940403,0.870789171,0.499927112,0.772756688,0.887024352,0.753130791
53.9,0.529323412,0.528735315,0.305200574,0.785654955,0.654434994,0.600656113,0.615203412,0.645256573
202.7,0.326733267,0.389648756,0.225940208,0.440755404,0.387737932,0.270360336,0.583803698,0.566470968
67.2,0,0.290892258,0.683692762,0.344714366,0.602790982,0.158083806,0.322302826,0.336185303
19.5,0.173041196,0.208376625,0.352747223,0.349545101,0.320903594,0.273386041,0.543071828,0.632989709
77.5,0.08512019,0.279561509,0.54406198,0.651624348,0.602333413,0.625414457,0.392971064,0.552086948
52.9,0.203305507,0.652668478,0.170269401,0.816572597,0.812147381,0.888182495,0.336458597,0.219567223
289.2,0.424373488,0.860846844,0.173293676,0.793298618,0.713872429,0.956778322,0.380480247,0.264078181
130.3,0.775098542,0.792424428,0.821361224,0.492558208,0.650549433,0.753814381,0.474303544,0.48186759
47.8,0.895897002,0.614692154,0.935035518,0.315297439,0.435334516,0.617554952,0.806046492,0.642634278
124.9,0.744665372,0.628263672,0.701633305,0.345765362,0.631215053,0.641303795,0.779840854,0.556995287
92.5,0.820837766,0.563248303,0.785202844,0.668672077,0.556245055,0.790210633,0.770482539,0.59569881
129.3,0.657839929,0.593588109,0.53092314,0.935589837,0.830154067,0.810468229,0.664643719,0.543362322
7.8,0.380958287,0.589911625,0.093834862,0.706671967,0.363033637,0.560304732,0.821627154,0.672382511
128.5,0.269169287,0.316801279,0.453642901,0.469817245,0.394534406,0.286027105,0.499819626,0.669681748
185.5,0.087651321,0.288870735,0.587964245,0.315952466,0.556701837,0.143522275,0.385089984,0.461534619
46.2,0.154645943,0.347613739,0.358471996,0.363831356,0.599063402,0.28021341,0.430589436,0.385701034
20.5,0.204853259,0.56298631,0.219060646,0.676232698,0.817947552,0.638040604,0.328673624,0.192641314
14.8,0.293909254,0.758894534,0.140598987,0.768596018,0.774349157,0.862056848,0.415881268,0.153791401
111.5,0.454402752,0.867323002,0.271971803,0.71137177,0.59163416,0.910365701,0.571266626,0.395979208
40.8,0.746737278,0.811540343,0.764851692,0.454892774,0.679425953,0.734830122,0.503186703,0.473259906
121.6,0.755135885,0.673788932,0.761427852,0.287981488,0.419116675,0.603173067,0.881237007,0.692333897
168.6,0.781401819,0.586181906,0.745398024,0.295696856,0.225252747,0.613536722,0.901909778,0.727571025
48.4,0.707532334,0.616675511,0.661580484,0.699921242,0.727101968,0.807586045,0.675590449,0.554586793
144.1,0.695227776,0.616656048,0.622491136,0.907600007,0.754227839,0.795123595,0.737344751,0.551633332
100.1,0.466837275,0.602268402,0.182744828,0.712514594,0.447005304,0.56468225,0.777569206,0.663954223
193.1,0.222211669,0.550834664,0.202446565,0.4669996,0.502918136,0.286424229,0.503799553,0.320300444
24,0.179872673,0.293672279,0.458685501,0.201320446,0.130380193,0.087156727,0.678676927,0.835126618
54,0.113695167,0.240333802,0.517388405,0.382332294,0.599434634,0.287758953,0.366881783,0.648636956
8.3,0.214096727,0.437028955,0.175241674,0.73602534,0.89496623,0.669470622,0.200589165,0.18324656
79.3,0.276038372,0.712060454,0.138532508,0.736181358,0.663551834,0.84334797,0.456536612,0.33990202
106.6,0.428866049,0.896896866,0.197068176,0.670199411,0.594753437,0.886489741,0.654276998,0.466586338
250.8,0.723342959,0.818045505,0.737598518,0.439596025,0.561294745,0.726283822,0.532231613,0.538396784
101.5,0.908656457,0.659211615,0.944553849,0.272852601,0.426618457,0.596118214,0.805068487,0.688223898
7.6,0.736821044,0.544713808,0.742612728,0.179046393,0.232514308,0.553363735,0.94542765,0.843811671
1.2,0.799792573,0.447805759,0.790865297,0.424571066,0.3003549,0.664369271,0.991067125,0.847186207
12.9,0.548997657,0.528281934,0.377909196,0.642676234,0.634176508,0.666370899,0.768047585,0.690066835
342.3,0.498318808,0.444899989,0.278271079,0.413234012,0.430641793,0.42684141,0.653386465,0.614700254
228.4,0.291129677,0.389739012,0.167733345,0.078757434,0.214090269,0.106354123,0.676368505,0.712476456
88.4,0.221439445,0.236023996,0.408592722,0,0.390090101,0,0.450995947,0.561178078
5.7,0.076044524,0.186375356,0.636326639,0.055893307,0.28700099,0.133032304,0.576467923,0.709630023
0,0.209733932,0.143243712,0.324012245,0.397026746,0.482376922,0.502528214,0.467829303,0.633429428
0,0.281839013,0.428642141,0.127000191,0.627576007,0.701821659,0.796724897,0.353930435,0.388377901
93.8,0.450496019,0.639952968,0.22583181,0.577702232,0.456703278,0.842483418,0.540046766,0.477132038
174.9,0.819272049,0.564967951,0.877575144,0.271180457,0.490744051,0.636134084,0.64598948,0.675227504
38.2,0.710543505,0.479263375,0.688443094,0.237261134,0.46966745,0.580860687,0.685710015,0.712643141
82.3,0.692474028,0.517867109,0.632800943,0.233113701,0.385630869,0.585209855,0.817333683,0.688030605
9.6,0.797749872,0.509961156,0.758080153,0.565003423,0.436420219,0.73947422,0.787992794,0.631598609
38.5,0.646433217,0.54901579,0.542702651,0.830020168,0.86189273,0.757956757,0.664991298,0.582664113
287.1,0.480302765,0.506773739,0.22898407,0.611667533,0.346556979,0.516421524,0.757409117,0.688300928
288.7,0.34261534,0.340487467,0.321371116,0.285373227,0.086134015,0.196746263,0.70830534,0.826602573
59,0.21820143,0.161917503,0.41222785,0.212606169,0.417348449,0.096722189,0.409461364,0.659834818
4.9,0.159783931,0.132893575,0.403616318,0.32668811,0.53146824,0.267745131,0.355894438,0.624489814
10.1,0.216931771,0.331900485,0.228986234,0.674811461,0.834244412,0.643876418,0.232285192,0.189682515
78.7,0.225382103,0.511531965,0.172619609,0.740226903,0.684993707,0.852163021,0.357425381,0.2758641
118.6,0.482041934,0.742905544,0.306496117,0.718376709,0.662910976,0.917477938,0.429665047,0.32677288
105.9,0.694751795,0.707881167,0.683708817,0.399082508,0.605051462,0.70476112,0.547396828,0.440244673
0.7,0.784650464,0.629159371,0.787844868,0.281799181,0.47923445,0.601937909,0.751092258,0.638355646
9.2,0.72298171,0.595596655,0.672703311,0.312569716,0.414653684,0.626075303,0.756728838,0.560938432
6.4,0.611035135,0.646765156,0.519926723,0.633028013,0.635683966,0.772542578,0.75899987,0.49202645
45.8,0.67066807,0.549755591,0.624346012,0.821890872,0.407686109,0.749915379,0.856090269,0.663017501
244.4,0.405444652,0.446052527,0.186662583,0.660656517,0.291724122,0.53858964,0.781520596,0.762734006
239.1,0.177333644,0.368319549,0.389359982,0.33481613,0.200262915,0.219132318,0.73398429,0.872146094
317.2,0.123014546,0.281867348,0.562114953,0.170947279,0.211267179,0.072606515,0.626550811,0.863417315
109,0.132324097,0.23414196,0.482340684,0.347933326,0.586683371,0.27430615,0.409820211,0.610292139
100.9,0.092968239,0.387756801,0.514658572,0.664127271,0.756219784,0.633013785,0.250351276,0.339918418
72.9,0.251343933,0.726938502,0.19035516,0.720865758,0.769065439,0.837602006,0.416492589,0.360651831
60.6,0.394114487,0.877245136,0.150961198,0.730233911,0.637955847,0.922035044,0.470470861,0.215876986
76.4,0.741166769,0.858428996,0.759053168,0.392218811,0.591712944,0.700625488,0.596642762,0.452833465
0.2,0.864912975,0.659526654,0.888983018,0.251630179,0.439094562,0.583101343,0.88222339,0.642999256
35.2,0.700899009,0.720362926,0.65282451,0.332828638,0.685943262,0.635997252,0.71842763,0.503798344
6.4,0.803073829,0.669270753,0.737960357,0.616404527,0.652601299,0.761429599,0.85385529,0.526784371
169,0.680973402,0.667679908,0.565529989,0.852229397,0.713817841,0.766752145,0.793695416,0.595761433
250.8,0.597738552,0.63339533,0.431334691,0.631171832,0.544406819,0.525234859,0.858111911,0.629220622
186.6,0.19874062,0.333536937,0.442569537,0.401793292,0.353192125,0.254068386,0.547636248,0.560450072
36.5,0.240293916,0.184313572,0.534621561,0.212095952,0.154295259,0.093065988,0.565540492,0.704681857
66.6,0.159907269,0.143986757,0.443177113,0.3879109,0.546223064,0.292741647,0.323850344,0.529786303
50,0.1598665,0.212117031,0.379180746,0.757485037,0.825593588,0.681854195,0.135049656,0.136569846
30.2,0.261454732,0.546378312,0.092031789,0.773336068,0.784018191,0.867230217,0.301510757,0.237883456
312.5,0.555574224,0.820174839,0.434058081,0.724262259,0.764889937,0.91987189,0.464182602,0.357213739
194,0.704497698,0.744043963,0.680377173,0.421084003,0.643333457,0.718132246,0.50378231,0.477709883
7.7,0.773340695,0.594544869,0.751033994,0.272221516,0.341518904,0.595080476,0.81405201,0.646120333
19.1,0.735750151,0.64983541,0.693344488,0.334684567,0.499458106,0.635514391,0.735035584,0.506329203
1.1,0.69465813,0.471760427,0.649446827,0.584989916,0.414795791,0.745203723,0.899002435,0.814492649
0.4,0.681344635,0.594398511,0.598490081,0.889151666,0.874968422,0.78664211,0.703226361,0.55961648
192.5,0.50594187,0.511730226,0.314069362,0.606185468,0.270267161,0.51301121,0.93179763,0.844377144
463.2,0.220515731,0.349951255,0.394380349,0.366287926,0.303328473,0.236655366,0.617090247,0.790593289
24.4,0.110673471,0.228252757,0.52014108,0.280398703,0.428874606,0.127474843,0.410695274,0.509535868
28.6,0.075523927,0.21414924,0.606186884,0.302730321,0.436685246,0.247650773,0.480321636,0.673243814
70,0.157657179,0.269193816,0.352922407,0.720351086,0.842039624,0.663766268,0.154177775,0.211887234
0.4,0.233535344,0.562343256,0.129735237,0.794085463,0.734347636,0.880125685,0.313959803,0.148593844
172.9,0.486268994,0.730021924,0.323799423,0.731024576,0.651397401,0.922773166,0.426537904,0.395280353
56.3,0.743091171,0.634724566,0.792777211,0.359280439,0.51383386,0.680740783,0.644207772,0.568289245
103.9,0.680852763,0.681283676,0.682362729,0.291625456,0.434011708,0.607024857,0.720100563,0.660570874
2,0.767511101,0.451825905,0.722302105,0.304726221,0.315651035,0.620680624,0.797654978,0.727266807
43.5,0.777197993,0.636226872,0.738511053,0.618141496,0.651888815,0.764927247,0.765897792,0.547564433
145.5,0.778978536,0.446223501,0.716363852,0.877130557,0.618229599,0.778239731,0.741942294,0.735523751
279,0.299451059,0.5577394,0.067175256,0.632010511,0.302537436,0.52311446,0.83639887,0.75604044
96.3,0.29670244,0.423081333,0.16058534,0.318519204,0.287995862,0.210996689,0.679594236,0.730858194
114.1,0.088610996,0.264873326,0.612852198,0.259474566,0.511575134,0.115749772,0.407261911,0.444580335
0.2,0.206515744,0.255146779,0.266627717,0.405128915,0.648401296,0.305005247,0.283701001,0.336317837
4.4,0.115695278,0.335462286,0.419650977,0.645746821,0.659684958,0.625030822,0.296185304,0.391776503
7.4,0.291491415,0.723875306,0.075835492,0.752173252,0.782069039,0.856816949,0.31325515,0.170278892
64.7,0.352474466,0.864608622,0.07361917,0.753084405,0.731146084,0.935217896,0.373753352,0.141703764
149.1,0.612489102,1,0.53029827,0.384599219,0.583256399,0.696977518,0.550129817,0.261597361
58.9,0.87615883,0.597635159,0.941746576,0.195966508,0.159759332,0.552902138,0.982364934,0.81341636
16.7,0.684922479,0.579691437,0.658379441,0.248356704,0.333699888,0.588638914,0.934787178,0.744280155
0,0.726489777,0.607686094,0.702488507,0.564807795,0.466752903,0.735040916,0.901417448,0.662215602
72.2,0.685185166,0.545728385,0.627574699,0.858212886,0.561937465,0.769418392,0.765945691,0.637007679
253.6,0.3952907,0.579982433,0.151220708,0.673649785,0.550098011,0.547663725,0.679395957,0.518465143
400.2,0.2618725,0.513518949,0.177709812,0.385168657,0.507840359,0.248028637,0.459291713,0.407099533
78.4,0.11660071,0.403624045,0.46616965,0.181475452,0.332796043,0.078418152,0.583913939,0.651435341
36.1,0.092327225,0.311318517,0.533956407,0.246698443,0.292472938,0.221878412,0.61678219,0.735790006
6.3,0.186368816,0.374853334,0.29663512,0.712047556,0.854957263,0.660165853,0.18114889,0.163968184
35.3,0.271837082,0.619602272,0.066783659,0.66186391,0.551047101,0.806310992,0.523410803,0.363471486
47.2,0.501973879,0.856025456,0.367654282,0.621485656,0.566353331,0.860866616,0.68259599,0.527019017
186.4,0.863393778,0.78188309,0.901503008,0.359957625,0.67151974,0.68418036,0.550111007,0.497871256
12.4,0.691148754,0.673333832,0.677208947,0.252913609,0.566204209,0.586340528,0.777660071,0.601907491
151.9,0.890209421,0.398231732,0.813132239,0.256371633,0.295603454,0.594632253,0.89224834,0.846725981
25.9,0.682537993,0.377301713,0.597888092,0.622923832,0.588912781,0.768236391,0.716769936,0.841420464
51.6,0.740665697,0.503965477,0.677088892,0.827850932,0.662022899,0.753734934,0.839719423,0.772243668
104.1,0.475786544,0.527719212,0.272411091,0.672034576,0.666757897,0.549373053,0.644280906,0.657260486
323.5,0.415189835,0.341908293,0.349984622,0.279046751,0.186092841,0.194049724,0.741260499,0.780761359
202.7,0.253833016,0.101342078,0.358216519,0.394043281,0.765103759,0.186848721,0.108490503,0.057993721
90.7,0.094640675,0.175386745,0.538625098,0.485490095,0.787661777,0.34465926,0.101282224,0.026348148
110.8,0.139301604,0.273247926,0.461558015,0.602911485,0.64552505,0.59967519,0.384274153,0.35270008
0,0.251238544,0.453221735,0.282960891,0.711692213,0.674016343,0.83477092,0.415710896,0.462056959
154.7,0.399491895,0.752910112,0.109068202,0.74034433,0.722928471,0.930856039,0.377514224,0.193828486
45.2,0.762628599,0.690833904,0.81600131,0.319255739,0.411032381,0.662561405,0.64461006,0.680012121
11.6,0.809996359,0.460022093,0.821575581,0.240455259,0.310052964,0.578811276,0.817617096,0.780676703
1.3,0.704437583,0.588638683,0.646905616,0.260124748,0.483221777,0.595751153,0.825973945,0.671841443
3.3,0.697619331,0.657929511,0.641812177,0.598393934,0.625454345,0.754272321,0.765920868,0.593621227
61.4,0.685681502,0.562631198,0.639608998,0.825484663,0.50182497,0.752749095,0.84311018,0.696818872
246.4,0.47456456,0.495286519,0.235161018,0.663157404,0.520667454,0.544700149,0.690615487,0.705468926
171.1,0.22303224,0.481256274,0.254989353,0.259884546,0.178547121,0.186549048,0.757198478,0.684403289
69,0.134793915,0.252238528,0.502610156,0.267316913,0.522994781,0.122097197,0.351043341,0.530024593
111.3,0.087731235,0.257954469,0.575449823,0.338273897,0.593676987,0.267087486,0.374851299,0.467029277
79.3,0.168693439,0.460896992,0.379969891,0.641361345,0.765801263,0.622722948,0.301156715,0.205960909
41.2,0.241405065,0.755512482,0.147691657,0.711662667,0.770023352,0.836233788,0.369179591,0.2739024
154.2,0.449693434,0.90553308,0.277664654,0.690474509,0.700910745,0.902512825,0.437639742,0.239595806
7.4,0.817575585,0.804516348,0.775000658,0.307503619,0.452216466,0.653438965,0.662641016,0.49269395
5.8,0.864674043,0.566742746,0.904741512,0.218547628,0.391976575,0.566444049,0.862925156,0.712645853
0,0.620036139,0.673116873,0.558717035,0.21381815,0.37644217,0.571628276,0.930979383,0.717290394
80.1,0.797373106,0.516430063,0.77650377,0.551143452,0.395990963,0.728970302,0.889975689,0.788360377
100.1,0.866776681,0.485804411,0.831390883,0.838093427,0.518394553,0.757562262,0.84061656,0.794787096
45.8,0.476751063,0.441226942,0.300620084,0.636062552,0.550351925,0.5283467,0.700560622,0.739741285
161.1,0.256736428,0.385751879,0.339063156,0.198433137,0.039140827,0.153035897,0.876055651,0.95900323
161.5,0.226698288,0.268656473,0.414309645,0.104914385,0.140590271,0.041497317,0.705828731,0.919351969
114.5,0.158468312,0.196903526,0.432670617,0.343032799,0.624078595,0.274635715,0.357194017,0.578333535
44.7,0.166571334,0.252419424,0.42602966,0.629111487,0.601149006,0.617896292,0.340337868,0.469470566
0,0.21984457,0.572221501,0.168971507,0.706332671,0.670168492,0.83214114,0.426315765,0.393759092
327.6,0.375318156,0.826123578,0.128770378,0.753405613,0.825110032,0.938297728,0.265452712,0.14013848
13.2,0.842938094,0.800559935,0.892570297,0.289324017,0.525204755,0.64337504,0.710438096,0.495159729
51.9,0.811170898,0.569816246,0.869710259,0.169047796,0.241825623,0.539186699,0.981847574,0.79332939
8.3,0.705936973,0.628146319,0.657174775,0.25213046,0.641702631,0.593845662,0.776742839,0.581470882
0.2,0.677344994,0.765518383,0.63024533,0.598407561,0.729133503,0.755141789,0.72508161,0.440182812
24.1,0.858723836,0.46861976,0.861436317,0.768308684,0.105532379,0.721079246,1,0.931330376
46.4,0.395525721,0.417421494,0.178700171,0.605148479,0.39844046,0.51367,0.733697742,0.807014046
199.3,0.075660925,0.275980243,0.683224011,0.246078315,0.167943351,0.177976743,0.728135632,0.909708756
115.1,0.05467198,0.172248939,0.673858002,0.225694706,0.454663725,0.101952829,0.4031448,0.63458283
20.9,0.128740813,0.26669487,0.454390138,0.341633213,0.66750768,0.272270913,0.345507982,0.356107452
36.1,0.164819417,0.353641858,0.333825392,0.70293273,0.819227514,0.6558256,0.161619871,0.091256311
139,0.251495737,0.627012863,0.240318676,0.730089987,0.699504568,0.844960132,0.383301685,0.257243522
410.5,0.465643001,0.82154987,0.254438273,0.671613004,0.649711254,0.892585048,0.430511047,0.309649836
100.9,0.747113185,0.822900095,0.750977252,0.310786384,0.595916098,0.657209021,0.628715714,0.520166563
11.5,0.809248251,0.602418955,0.848578728,0.180150242,0.203220792,0.54510539,0.929797625,0.76210396
0,0.641720608,0.621720728,0.568145865,0.244966443,0.617691348,0.589059702,0.799216308,0.625153926
0.8,0.802763298,0.499412378,0.787186905,0.516582735,0.206637168,0.709740155,0.980207174,0.84848333
14,0.640858669,0.479825714,0.511864265,0.851086952,0.714482932,0.76778394,0.747800306,0.752449053
334.1,0.270991662,0.519089296,0.200241571,0.605645576,0.385991792,0.514670013,0.790910931,0.715003757
237.8,0.352452206,0.445371691,0.269727071,0.183387926,0.006586286,0.148187293,0.900136165,0.991551797
279.3,0.140210531,0.273676122,0.499795761,0.165767703,0.358123297,0.072819195,0.510433026,0.814224191
106.5,0.084780468,0.19310244,0.605847809,0.306875083,0.455105813,0.254454252,0.399302828,0.687078715
7.7,0.230924645,0.349233399,0.18511416,0.70427793,0.859873849,0.656451466,0.123062656,0.174106112
142.1,0.274493611,0.633608665,0.157992601,0.654342135,0.61669227,0.802125063,0.472671727,0.465636228
190.4,0.334417127,0.82290563,0.018269327,0.670738277,0.600924821,0.892112476,0.41216543,0.303853544
99.3,0.800813975,0.760611128,0.814007903,0.223487387,0.286402997,0.608110834,0.836752102,0.649658841
93.3,0.797422084,0.577961484,0.812363743,0.203791535,0.501433515,0.559720704,0.793589107,0.686531376
133.9,0.670673946,0.692897596,0.595941059,0.233217373,0.55696554,0.581701461,0.790720772,0.572604824
12.2,0.731638501,0.608510426,0.70359954,0.538849015,0.436452023,0.721891101,0.871572022,0.654280672
3.4,0.655470616,0.593431449,0.564584538,0.80955097,0.651546864,0.745325237,0.855622505,0.679914754
277.6,0.503159835,0.484824181,0.289410266,0.611475724,0.314851533,0.519481694,0.757484898,0.796298442
167.1,0.220857714,0.460566496,0.350561663,0.234399044,0.264378791,0.175621428,0.711985395,0.716748479
46.5,0.161744907,0.312815863,0.456071307,0.057820049,0,0.019228948,0.795798518,1
4.7,0.171195952,0.178200732,0.423197863,0.324663556,0.52886776,0.261198743,0.311613838,0.560447784
2.6,0.180806133,0.343767429,0.291125491,0.727747794,0.924518616,0.670934977,0.061783699,0.0663768
44.8,0.300805084,0.741088389,0.112631836,0.78018117,0.880849562,0.875653287,0.226064813,0.088503983
112.7,0.482913441,0.914177117,0.251764641,0.608160096,0.589406736,0.856171307,0.558387218,0.28618494
212.1,0.677470102,0.611975293,0.698166495,0.220704898,0.339310112,0.605999237,0.776238585,0.695048897
69.4,0.815924494,0.543365491,0.868029976,0.178822746,0.236987196,0.545263486,0.891412567,0.821554497
1.9,0.643926861,0.672656811,0.581090181,0.248629898,0.647752097,0.59289949,0.713687904,0.53388681
2.5,0.744661077,0.655596958,0.703356144,0.487903363,0.378058213,0.693986394,0.990418556,0.692829374
87.2,0.753845573,0.4747202,0.698846179,0.822648936,0.496497886,0.751519425,0.771881643,0.780042929
279,0.373313621,0.571865434,0.12388856,0.632188313,0.55456238,0.527685282,0.654250247,0.533311846
283.9,0.198035313,0.454986035,0.428006156,0.19306353,0.180096047,0.151894877,0.745137651,0.743111245
119.1,0.110109266,0.270285675,0.55709614,0.244894737,0.597547712,0.113232076,0.305773454,0.330250333
65.7,0.081973963,0.311413163,0.525295491,0.319314201,0.615975634,0.263431684,0.308489162,0.339677967
43.8,0.153193768,0.421618143,0.37383848,0.695822587,0.862771339,0.656264564,0.115740578,0.057247581
73.3,0.244071788,0.62414163,0.20349642,0.791259159,0.788851679,0.880520066,0.238056232,0.060046135
175.8,0.391614458,0.946832495,0.107859739,0.611036705,0.709026091,0.860297221,0.464206539,0.229936619
18.2,0.647924107,0.97173171,0.577082886,0.322101659,0.717390911,0.665896841,0.471776916,0.244511391
7.4,0.902002965,0.71153666,0.951121478,0.180028867,0.403271979,0.546180852,0.869034126,0.661477597
19.9,0.733734154,0.670957962,0.682744498,0.184737714,0.464175636,0.5566363,0.907715291,0.609826575
0,0.76147399,0.675384359,0.748821922,0.498617356,0.399573823,0.701834924,0.895726801,0.622372574
3.3,0.64391544,0.530778019,0.529511673,0.834147478,0.652501825,0.758431272,0.713523494,0.717440809
170,0.391141583,0.624263753,0.088906867,0.560344882,0.380555835,0.490830749,0.843418648,0.655242053
324.5,0.285860559,0.523497945,0.1509744,0.208331117,0.321285206,0.161944856,0.687716496,0.598204502
88.1,0.124343352,0.351621672,0.515056366,0.116267738,0.37352603,0.049696104,0.553603191,0.713548847
